{
  "(0, 3, 0)": [
    1.5195739908334849,
    2.050568354512885,
    1.6294709833825984,
    2.057969446933058
  ],
  "(1, 3, 0)": [
    4.326560255132823,
    2.330660251111449,
    3.2196857209225493,
    4.798583806819983
  ],
  "(0, 0, 1)": [
    -0.16776085182206535,
    -1.1721,
    1.2285868117549414,
    -0.8050800593683198
  ],
  "(0, 0, 0)": [
    -0.8215778919681512,
    -0.2344299522632697,
    0.1476958654554843,
    -1.5548461798379762
  ],
  "(0, 2, 0)": [
    -1.4627712310559864,
    -1.7621772453768292,
    -1.3711675283322722,
    -1.5173541672098334
  ],
  "(0, 1, 0)": [
    0.05701913130236613,
    -0.8060652979251154,
    -0.8441202294223942,
    -0.07324604887387498
  ],
  "(0, 1, 1)": [
    -0.04109999999999997,
    -0.6,
    -0.49992274297387873,
    0.38897535096
  ],
  "(1, 0, 0)": [
    -0.16858679999999998,
    0.1523147095905667,
    -0.44999999999999996,
    -0.08249999999999996
  ],
  "(0, 4, 0)": [
    0.9493554174563352,
    0.8123016726442609,
    1.167209905135393,
    0.216937567428242
  ],
  "(1, 2, 0)": [
    2.3186907365384433,
    0.0,
    1.3306046690855053,
    0.4227155616
  ],
  "(1, 0, 1)": [
    -0.06953846169513389,
    -0.651879738,
    4.6525247522917645,
    0.0
  ],
  "(1, 4, 0)": [
    -0.44999999999999996,
    0.0,
    0.5080290884849415,
    1.0531348100952123
  ],
  "(1, 1, 0)": [
    0.0,
    -0.47250000000000003,
    -0.2977843998714077,
    0.0
  ],
  "(1, 4, 1)": [
    2.8430766880721974,
    0.6176184896428839,
    0.6176184896428839,
    0.44999999999999996
  ],
  "(0, 4, 1)": [
    0.7144294142208,
    0.0,
    0.0,
    0.0
  ],
  "(1, 1, 1)": [
    1.4409229689546001,
    0.6125034823727379,
    2.862353774835419,
    0.35196942000000003
  ],
  "(1, 2, 1)": [
    2.6883259558577963,
    0.42166213489846355,
    0.35196942000000003,
    0.4988473697157348
  ],
  "(0, 2, 1)": [
    -0.06649799904000009,
    -0.44999999999999996,
    -0.44999999999999996,
    0.0
  ],
  "(0, 3, 1)": [
    -0.44999999999999996,
    -0.44999999999999996,
    -0.44999999999999996,
    0.0
  ]
}