{
  "(0, 0, 1)": [
    2.6136661128720533,
    0.5250871444656734,
    0.29153629145262,
    1.7633293173620803
  ],
  "(0, 0, 0)": [
    6.984147881017034,
    4.736637822471625,
    4.189877156705638,
    5.024266704601113
  ],
  "(0, 2, 0)": [
    4.274188195090851,
    -0.6534333405956307,
    4.077915397946558,
    1.2039150546717476
  ],
  "(1, 0, 1)": [
    5.0006686424644755,
    3.231599848081415,
    1.3831547730017233,
    1.920697185029547
  ],
  "(0, 1, 0)": [
    -1.8178161683895497,
    -1.6726518349225472,
    -1.5960964067384795,
    -1.9064754836052942
  ],
  "(0, 3, 0)": [
    5.275013610194879,
    3.8206697214104133,
    2.5925924318874163,
    4.220156940476155
  ],
  "(0, 4, 0)": [
    2.999380350683169,
    1.2790377436085412,
    0.8832799631370815,
    0.20446840525054336
  ],
  "(1, 0, 0)": [
    3.856465545603324,
    0.18403310305761078,
    1.995590530025431,
    2.0131724432507045
  ],
  "(0, 1, 1)": [
    -0.2213139454117036,
    -0.3147597739934134,
    2.066958159468018,
    0.0
  ],
  "(0, 3, 1)": [
    -0.44999999999999996,
    -0.44999999999999996,
    -0.44999999999999996,
    0.20693999999999996
  ],
  "(1, 1, 1)": [
    2.257793034597928,
    0.7288509403719903,
    0.5795733700838905,
    0.5795733700838905
  ],
  "(1, 1, 0)": [
    0.7691120647328747,
    0.3,
    0.2691372382878468,
    0.0
  ],
  "(0, 2, 1)": [
    1.6887234702327527,
    0.0,
    1.2367178667163663,
    0.2962178784141428
  ],
  "(1, 4, 0)": [
    1.4071569946758684,
    0.6176184896428839,
    3.0143811322985776,
    1.2063688294505701
  ],
  "(0, 4, 1)": [
    -0.44999999999999996,
    0.0,
    0.0,
    -0.3
  ],
  "(1, 3, 0)": [
    1.7325122106677702,
    0.0,
    0.0,
    0.0
  ]
}