{
  "(0, 3, 0)": [
    3.3788777641938985,
    3.5309765614844686,
    3.1719918636416162,
    3.5072043523792504
  ],
  "(1, 3, 0)": [
    5.25019240447919,
    2.480880750472627,
    3.2196857209225493,
    4.440067358825711
  ],
  "(0, 0, 1)": [
    1.4665578903197636,
    -0.32350642776716326,
    0.6904781916863976,
    0.7316300240543658
  ],
  "(0, 0, 0)": [
    0.8414652393738264,
    1.3439394485352514,
    3.5128321944549716,
    3.117453989374809
  ],
  "(0, 2, 0)": [
    -0.7722170117493774,
    -1.6293192014274602,
    0.05016292839391867,
    -1.031880472541075
  ],
  "(0, 1, 0)": [
    -0.6523194549931726,
    -0.5757765942376654,
    -1.0440788372986995,
    -0.7737057590550014
  ],
  "(0, 1, 1)": [
    -0.1312069727058518,
    -0.45737988699670673,
    0.7835177082470697,
    0.19448767548
  ],
  "(1, 0, 0)": [
    1.843939372801662,
    0.16817390632408874,
    0.7727952650127156,
    0.9653362216253523
  ],
  "(0, 4, 0)": [
    2.1567614615285393,
    1.045669708126401,
    1.0252449341362373,
    0.49449437020671033
  ],
  "(1, 2, 0)": [
    2.3186907365384433,
    0.0,
    1.3306046690855053,
    0.4227155616
  ],
  "(1, 0, 1)": [
    2.7236663169583415,
    1.2898600550407076,
    3.017839762646744,
    0.9603485925147734
  ],
  "(1, 4, 0)": [
    0.4785784973379342,
    0.30880924482144195,
    1.7612051103917596,
    1.2991582314622891
  ],
  "(1, 1, 0)": [
    0.3845560323664374,
    -0.08625000000000002,
    -0.01432358079178045,
    0.0
  ],
  "(1, 4, 1)": [
    2.8430766880721974,
    0.6176184896428839,
    0.6176184896428839,
    0.44999999999999996
  ],
  "(0, 4, 1)": [
    0.1322147071104,
    0.0,
    0.0,
    -0.15
  ],
  "(1, 1, 1)": [
    1.849358001776264,
    0.670677211372364,
    1.7209635724596548,
    0.4657713950419453
  ],
  "(1, 2, 1)": [
    2.6883259558577963,
    0.42166213489846355,
    0.35196942000000003,
    0.4988473697157348
  ],
  "(0, 2, 1)": [
    0.8111127355963763,
    -0.22499999999999998,
    0.39335893335818317,
    0.1481089392070714
  ],
  "(0, 3, 1)": [
    -0.44999999999999996,
    -0.44999999999999996,
    -0.22499999999999998,
    0.0
  ]
}