{
  "(1, 0, 1)": [
    3.165904413011315,
    0.39106616405252076,
    0.7290364479585157,
    0.5410661640525207
  ],
  "(0, 0, 1)": [
    0.5549999999999999,
    -0.28245378,
    0.0,
    0.9296555616
  ],
  "(0, 0, 0)": [
    0.0,
    0.0,
    0.4282924675008,
    0.0
  ],
  "(0, 1, 1)": [
    -0.8324999999999999,
    0.0,
    0.0,
    0.0
  ],
  "(0, 3, 0)": [
    -0.44999999999999996,
    0.0,
    0.0,
    0.0
  ]
}